Siruta,Judet
1017,ab
1071,ab
1151,ab
1213,ab
1348,ab
1455,ab
1696,ab
1794,ab
1874,ab
1936,ab
2130,ab
2309,ab
2381,ab
2577,ab
2915,ab
2988,ab
3039,ab
3397,ab
3459,ab
3761,ab
3805,ab
3841,ab
3958,ab
4008,ab
4106,ab
4142,ab
4188,ab
4240,ab
4268,ab
4302,ab
4366,ab
4482,ab
4525,ab
4703,ab
4767,ab
4927,ab
4981,ab
5103,ab
5167,ab
5210,ab
5309,ab
5336,ab
5577,ab
5700,ab
5755,ab
5826,ab
6048,ab
6119,ab
6164,ab
6217,ab
6271,ab
6397,ab
6468,ab
6547,ab
6592,ab
6627,ab
6761,ab
6930,ab
6976,ab
7044,ab
7099,ab
7197,ab
7348,ab
7384,ab
7446,ab
7767,ab
7810,ab
7865,ab
7945,ab
8014,ab
8096,ab
8158,ab
8229,ab
8354,ab
8425,ab
8826,ab
9019,ab
9026,ab
9262,ar
9280,ar
9333,ar
9360,ar
9397,ar
9459,ar
9495,ar
9538,ar
9574,ar
9627,ar
9654,ar
9690,ar
9743,ar
9798,ar
9832,ar
9887,ar
9930,ar
10006,ar
10051,ar
10104,ar
10195,ar
10239,ar
10293,ar
10346,ar
10373,ar
10417,ar
10453,ar
10514,ar
10532,ar
10649,ar
10701,ar
10765,ar
10827,ar
10872,ar
10916,ar
10943,ar
11058,ar
11174,ar
11236,ar
11307,ar
11352,ar
11398,ar
11423,ar
11478,ar
11502,ar
11539,ar
11584,ar
11637,ar
11664,ar
11735,ar
11762,ar
11842,ar
11940,ar
11995,ar
12037,ar
12055,ar
12091,ar
12126,ar
12144,ar
12206,ar
12224,ar
12242,ar
12288,ar
12340,ar
12368,ar
12402,ar
12457,ar
12509,ar
12572,ar
12643,ar
12689,ar
12778,ar
12812,ar
12849,ar
12876,ar
12912,ar
12920,ar
12938,ar
13169,ag
13187,ag
13276,ag
13301,ag
13365,ag
13392,ag
13490,ag
13524,ag
13622,ag
13668,ag
13757,ag
13819,ag
13891,ag
13935,ag
13999,ag
14049,ag
14085,ag
14165,ag
14272,ag
14352,ag
14405,ag
14450,ag
14584,ag
14673,ag
14726,ag
14753,ag
14851,ag
14922,ag
14940,ag
15064,ag
15108,ag
15233,ag
15313,ag
15402,ag
15448,ag
15493,ag
15554,ag
15652,ag
15741,ag
15830,ag
15901,ag
15983,ag
16132,ag
16285,ag
16329,ag
16365,ag
16427,ag
16454,ag
16472,ag
16506,ag
16551,ag
16613,ag
16659,ag
16739,ag
16757,ag
16908,ag
16944,ag
17049,ag
17101,ag
17209,ag
17254,ag
17334,ag
17398,ag
17423,ag
17496,ag
17575,ag
17619,ag
17726,ag
17771,ag
17824,ag
17851,ag
17913,ag
17968,ag
18028,ag
18162,ag
18242,ag
18331,ag
18411,ag
18475,ag
18527,ag
18554,ag
18581,ag
18670,ag
18741,ag
18778,ag
18858,ag
18938,ag
19007,ag
19114,ag
19141,ag
19212,ag
19249,ag
19338,ag
19392,ag
19560,ag
19631,ag
19695,ag
19793,ag
19999,ag
20048,ag
20055,ag
20063,ag
20297,bc
20313,bc
20359,bc
20411,bc
20466,bc
20563,bc
20607,bc
20670,bc
20778,bc
20821,bc
20876,bc
20910,bc
20965,bc
21007,bc
21098,bc
21123,bc
21196,bc
21249,bc
21338,bc
21418,bc
21454,bc
21506,bc
21560,bc
21597,bc
21668,bc
21720,bc
21757,bc
21855,bc
21891,bc
21971,bc
22059,bc
22111,bc
22166,bc
22237,bc
22380,bc
22460,bc
22488,bc
22576,bc
22665,bc
22718,bc
22781,bc
22834,bc
22898,bc
22941,bc
23047,bc
23127,bc
23207,bc
23289,bc
23350,bc
23387,bc
23449,bc
23494,bc
23644,bc
23715,bc
23797,bc
23868,bc
23948,bc
23975,bc
24034,bc
24089,bc
24187,bc
24276,bc
24338,bc
24427,bc
24524,bc
24631,bc
24711,bc
24766,bc
24837,bc
24999,bc
25068,bc
25148,bc
25228,bc
25291,bc
25362,bc
25488,bc
25521,bc
25629,bc
25692,bc
25745,bc
25825,bc
25861,bc
25932,bc
26029,bc
26083,bc
26118,bc
26289,bc
26320,bc
26338,bc
26346,bc
26353,bc
26361,bc
26379,bc
26564,bh
26582,bh
26653,bh
26699,bh
26742,bh
26804,bh
26840,bh
26877,bh
26920,bh
26975,bh
27007,bh
27070,bh
27169,bh
27212,bh
27285,bh
27329,bh
27383,bh
27436,bh
27506,bh
27560,bh
27631,bh
27686,bh
27757,bh
27846,bh
27908,bh
27935,bh
27971,bh
28077,bh
28139,bh
28193,bh
28246,bh
28335,bh
28415,bh
28497,bh
28530,bh
28610,bh
28665,bh
28709,bh
28763,bh
28816,bh
28889,bh
28941,bh
29001,bh
29038,bh
29092,bh
29154,bh
29243,bh
29341,bh
29403,bh
29467,bh
29519,bh
29573,bh
29662,bh
29724,bh
29760,bh
29813,bh
29902,bh
29948,bh
30014,bh
30069,bh
30149,bh
30229,bh
30274,bh
30336,bh
30416,bh
30470,bh
30568,bh
30648,bh
30719,bh
30773,bh
30844,bh
30871,bh
30915,bh
30988,bh
31011,bh
31057,bh
31128,bh
31208,bh
31262,bh
31333,bh
31379,bh
31422,bh
31510,bh
31565,bh
31609,bh
31654,bh
31716,bh
31789,bh
31841,bh
31878,bh
31921,bh
31976,bh
32027,bh
32045,bh
32090,bh
32153,bh
32161,bh
32179,bh
32187,bh
32195,bh
32201,bh
32394,bn
32483,bn
32544,bn
32599,bn
32633,bn
32660,bn
32704,bn
32768,bn
32811,bn
32884,bn
32955,bn
33015,bn
33122,bn
33177,bn
33202,bn
33248,bn
33275,bn
33337,bn
33364,bn
33382,bn
33435,bn
33514,bn
33541,bn
33603,bn
33621,bn
33658,bn
33729,bn
33765,bn
33845,bn
33881,bn
33952,bn
33989,bn
34075,bn
34155,bn
34173,bn
34235,bn
34262,bn
34280,bn
34333,bn
34360,bn
34397,bn
34422,bn
34477,bn
34547,bn
34618,bn
34645,bn
34690,bn
34770,bn
34850,bn
34903,bn
34985,bn
35054,bn
35090,bn
35152,bn
35269,bn
35312,bn
35429,bn
35731,bt
35759,bt
35839,bt
35884,bt
35946,bt
36006,bt
36060,bt
36131,bt
36202,bt
36300,bt
36373,bt
36426,bt
36453,bt
36499,bt
36532,bt
36569,bt
36649,bt
36676,bt
36756,bt
36809,bt
36907,bt
36952,bt
37011,bt
37057,bt
37100,bt
37173,bt
37217,bt
37280,bt
37324,bt
37397,bt
37459,bt
37547,bt
37618,bt
37672,bt
37734,bt
37770,bt
37823,bt
37850,bt
37912,bt
37958,bt
38063,bt
38161,bt
38241,bt
38321,bt
38376,bt
38456,bt
38492,bt
38544,bt
38580,bt
38633,bt
38679,bt
38731,bt
38811,bt
38848,bt
38893,bt
38982,bt
39051,bt
39122,bt
39168,bt
39220,bt
39266,bt
39328,bt
39391,bt
39417,bt
39532,bt
39612,bt
39658,bt
39694,bt
39738,bt
39792,bt
39836,bt
39872,bt
39942,bt
39959,bt
39967,bt
39975,bt
39983,bt
40035,bt
40198,bv
40214,bv
40241,bv
40278,bv
40303,bv
40367,bv
40394,bv
40438,bv
40465,bv
40492,bv
40526,bv
40544,bv
40606,bv
40633,bv
40688,bv
40704,bv
40768,bv
40820,bv
40857,bv
40900,bv
40928,bv
40955,bv
40991,bv
41033,bv
41088,bv
41113,bv
41177,bv
41248,bv
41284,bv
41346,bv
41382,bv
41417,bv
41471,bv
41541,bv
41578,bv
41621,bv
41667,bv
41701,bv
41738,bv
41818,bv
41854,bv
41925,bv
41943,bv
42003,bv
42058,bv
42076,bv
42101,bv
42156,bv
42183,bv
42236,bv
42307,bv
42398,bv
42449,bv
42456,bv
42464,bv
42472,bv
42480,bv
42498,bv
42682,br
42708,br
42753,br
42771,br
42824,br
42842,br
42913,br
42968,br
43019,br
43073,br
43117,br
43180,br
43242,br
43279,br
43313,br
43331,br
43411,br
43466,br
43493,br
43563,br
43625,br
43652,br
43698,br
43732,br
43787,br
43812,br
43867,br
43929,br
43992,br
44060,br
44113,br
44140,br
44177,br
44202,br
44257,br
44300,br
44328,br
44355,br
44391,br
44435,br
44462,br
44505,br
44532,br
44560,br
44818,bz
44845,bz
44863,bz
44934,bz
44989,bz
45003,bz
45101,bz
45245,bz
45334,bz
45361,bz
45389,bz
45496,bz
45539,bz
45619,bz
45673,bz
45753,bz
45815,bz
45888,bz
45959,bz
46019,bz
46108,bz
46180,bz
46251,bz
46313,bz
46377,bz
46439,bz
46484,bz
46554,bz
46769,bz
46803,bz
46830,bz
46867,bz
46910,bz
47006,bz
47079,bz
47159,bz
47186,bz
47300,bz
47337,bz
47373,bz
47417,bz
47453,bz
47578,bz
47630,bz
47774,bz
47818,bz
47854,bz
47916,bz
48021,bz
48138,bz
48165,bz
48227,bz
48325,bz
48487,bz
48557,bz
48682,bz
48744,bz
48771,bz
48842,bz
48922,bz
48968,bz
49019,bz
49046,bz
49073,bz
49153,bz
49206,bz
49233,bz
49313,bz
49439,bz
49484,bz
49545,bz
49625,bz
49643,bz
49769,bz
49849,bz
49894,bz
49956,bz
50022,bz
50068,bz
50102,bz
50228,bz
50326,bz
50399,bz
50415,bz
50479,bz
50549,bz
50564,bz
50790,cs
50889,cs
50923,cs
50969,cs
50987,cs
51010,cs
51056,cs
51118,cs
51207,cs
51243,cs
51305,cs
51332,cs
51387,cs
51449,cs
51500,cs
51546,cs
51573,cs
51626,cs
51662,cs
51699,cs
51751,cs
51804,cs
51840,cs
51877,cs
51948,cs
51984,cs
52035,cs
52062,cs
52115,cs
52160,cs
52570,cs
52650,cs
52696,cs
52721,cs
52758,cs
52785,cs
52856,cs
52909,cs
52936,cs
52954,cs
52990,cs
53023,cs
53069,cs
53103,cs
53130,cs
53167,cs
53210,cs
53247,cs
53274,cs
53327,cs
53345,cs
53372,cs
53425,cs
53489,cs
53513,cs
53577,cs
53639,cs
53675,cs
53700,cs
53728,cs
53755,cs
53791,cs
53853,cs
54056,cs
54109,cs
54163,cs
54270,cs
54305,cs
54350,cs
54387,cs
54412,cs
54485,cs
54500,cs
54537,cs
54573,cs
54617,cs
54699,cs
54975,cj
55008,cj
55062,cj
55106,cj
55160,cj
55259,cj
55277,cj
55311,cj
55357,cj
55384,cj
55446,cj
55473,cj
55598,cj
55623,cj
55687,cj
55776,cj
55838,cj
55918,cj
56014,cj
56096,cj
56210,cj
56265,cj
56327,cj
56354,cj
56425,cj
56461,cj
56522,cj
56568,cj
56666,cj
56773,cj
56844,cj
56988,cj
57083,cj
57163,cj
57225,cj
57314,cj
57350,cj
57449,cj
57546,cj
57582,cj
57644,cj
57706,cj
57742,cj
57831,cj
57902,cj
57948,cj
58008,cj
58142,cj
58204,cj
58259,cj
58311,cj
58357,cj
58393,cj
58464,cj
58534,cj
58552,cj
58623,cj
58721,cj
58794,cj
58856,cj
58918,cj
58990,cj
59041,cj
59130,cj
59238,cj
59283,cj
59327,cj
59416,cj
59434,cj
59498,cj
59586,cj
59657,cj
59693,cj
59764,cj
59826,cj
59880,cj
59942,cj
60026,cj
60062,cj
60099,cj
60169,cj
60419,ct
60455,ct
60482,ct
60507,ct
60534,ct
60570,ct
60598,ct
60632,ct
60687,ct
60721,ct
60776,ct
60801,ct
60847,ct
60883,ct
60945,ct
61005,ct
61069,ct
61121,ct
61167,ct
61210,ct
61256,ct
61283,ct
61318,ct
61372,ct
61452,ct
61513,ct
61559,ct
61620,ct
61675,ct
61737,ct
61808,ct
61826,ct
61871,ct
61951,ct
62020,ct
62057,ct
62137,ct
62191,ct
62253,ct
62280,ct
62360,ct
62397,ct
62440,ct
62486,ct
62538,ct
62609,ct
62672,ct
62707,ct
62761,ct
62798,ct
62823,ct
62878,ct
62903,ct
62949,ct
62985,ct
63045,ct
63072,ct
63125,ct
63152,ct
63161,ct
63170,ct
63189,ct
63198,ct
63278,ct
63286,ct
63294,ct
63300,ct
63318,ct
63326,ct
63334,ct
63394,cv
63447,cv
63526,cv
63553,cv
63580,cv
63633,cv
63688,cv
63740,cv
63777,cv
63802,cv
63866,cv
63893,cv
63937,cv
64005,cv
64041,cv
64096,cv
64130,cv
64194,cv
64238,cv
64265,cv
64318,cv
64345,cv
64390,cv
64425,cv
64461,cv
64504,cv
64568,cv
64602,cv
64639,cv
64719,cv
64773,cv
64826,cv
64871,cv
64906,cv
64942,cv
64997,cv
65011,cv
65048,cv
65099,cv
65105,cv
65113,cv
65121,cv
65139,cv
65147,cv
65154,cv
65342,db
65379,db
65413,db
65431,db
65477,db
65501,db
65609,db
65645,db
65681,db
65707,db
65752,db
65841,db
65869,db
65921,db
66009,db
66081,db
66152,db
66198,db
66223,db
66330,db
66401,db
66438,db
66474,db
66526,db
66580,db
66697,db
66731,db
66768,db
66857,db
66955,db
67014,db
67121,db
67167,db
67256,db
67292,db
67327,db
67407,db
67470,db
67522,db
67595,db
67648,db
67675,db
67737,db
67773,db
67835,db
67906,db
67942,db
68002,db
68048,db
68128,db
68182,db
68253,db
68280,db
68324,db
68342,db
68404,db
68431,db
68468,db
68529,db
68565,db
68627,db
68716,db
68789,db
68887,db
68921,db
68976,db
69063,db
69170,db
69250,db
69303,db
69330,db
69394,db
69447,db
69526,db
69615,db
69900,dj
69964,dj
70094,dj
70110,dj
70174,dj
70316,dj
70352,dj
70414,dj
70502,dj
70520,dj
70566,dj
70637,dj
70673,dj
70726,dj
70744,dj
70879,dj
70897,dj
70940,dj
70968,dj
70986,dj
71055,dj
71126,dj
71199,dj
71260,dj
71340,dj
71457,dj
71518,dj
71536,dj
71572,dj
71607,dj
71634,dj
71698,dj
71723,dj
71787,dj
71812,dj
71858,dj
71885,dj
71910,dj
71956,dj
72007,dj
72034,dj
72052,dj
72098,dj
72150,dj
72221,dj
72276,dj
72383,dj
72409,dj
72463,dj
72506,dj
72533,dj
72579,dj
72604,dj
72640,dj
72677,dj
72819,dj
72882,dj
72926,dj
72953,dj
72980,dj
73013,dj
73031,dj
73068,dj
73102,dj
73246,dj
73317,dj
73335,dj
73371,dj
73460,dj
73503,dj
73567,dj
73594,dj
73629,dj
73665,dj
73709,dj
73736,dj
73772,dj
73852,dj
73905,dj
73923,dj
73996,dj
74028,dj
74073,dj
74108,dj
74135,dj
74171,dj
74224,dj
74242,dj
74322,dj
74359,dj
74411,dj
74509,dj
74536,dj
74554,dj
74581,dj
74616,dj
74705,dj
74732,dj
74750,dj
74842,dj
74859,dj
74867,dj
74875,dj
74883,dj
74891,dj
74907,dj
74915,dj
74923,dj
74931,dj
74949,dj
74956,dj
75098,gl
75114,gl
75150,gl
75203,gl
75221,gl
75258,gl
75338,gl
75356,gl
75472,gl
75515,gl
75542,gl
75613,gl
75668,gl
75686,gl
75711,gl
75766,gl
75819,gl
75864,gl
75917,gl
75953,gl
76004,gl
76040,gl
76111,gl
76139,gl
76157,gl
76175,gl
76255,gl
76282,gl
76317,gl
76353,gl
76406,gl
76497,gl
76558,gl
76585,gl
76601,gl
76638,gl
76674,gl
76692,gl
76718,gl
76745,gl
76763,gl
76807,gl
76932,gl
76969,gl
76996,gl
77028,gl
77082,gl
77126,gl
77153,gl
77180,gl
77224,gl
77260,gl
77288,gl
77313,gl
77331,gl
77377,gl
77402,gl
77475,gl
77509,gl
77536,gl
77561,gl
77579,gl
77587,gl
77595,gl
77601,gl
77812,gj
77910,gj
78016,gj
78089,gj
78141,gj
78258,gj
78329,gj
78454,gj
78472,gj
78542,gj
78604,gj
78668,gj
78711,gj
78748,gj
78828,gj
78873,gj
78926,gj
79004,gj
79077,gj
79157,gj
79237,gj
79308,gj
79362,gj
79406,gj
79497,gj
79585,gj
79656,gj
79736,gj
79834,gj
79932,gj
80043,gj
80123,gj
80249,gj
80285,gj
80365,gj
80427,gj
80506,gj
80560,gj
80613,gj
80677,gj
80711,gj
80766,gj
80846,gj
80908,gj
80980,gj
81095,gj
81184,gj
81264,gj
81380,gj
81415,gj
81497,gj
81576,gj
81656,gj
81754,gj
81816,gj
81861,gj
81987,gj
82047,gj
82136,gj
82243,gj
82314,gj
82396,gj
82430,gj
82555,gj
82617,gj
82680,gj
82733,gj
82779,gj
82831,gj
82895,gj
83133,hr
83151,hr
83197,hr
83320,hr
83375,hr
83428,hr
83464,hr
83491,hr
83525,hr
83561,hr
83632,hr
83749,hr
83785,hr
83847,hr
83936,hr
83963,hr
83981,hr
84086,hr
84102,hr
84148,hr
84175,hr
84237,hr
84264,hr
84344,hr
84380,hr
84415,hr
84460,hr
84558,hr
84594,hr
84629,hr
84656,hr
84754,hr
84825,hr
84923,hr
85056,hr
85074,hr
85127,hr
85243,hr
85289,hr
85341,hr
85412,hr
85467,hr
85528,hr
85582,hr
85626,hr
85680,hr
85760,hr
85788,hr
85840,hr
85877,hr
85920,hr
85984,hr
86133,hr
86188,hr
86222,hr
86311,hr
86339,hr
86366,hr
86438,hr
86446,hr
86453,hr
86461,hr
86479,hr
86487,hr
86495,hr
86501,hr
86519,hr
86687,hd
86749,hd
86810,hd
86883,hd
86936,hd
86990,hd
87059,hd
87077,hd
87139,hd
87175,hd
87219,hd
87246,hd
87291,hd
87362,hd
87424,hd
87576,hd
87638,hd
87665,hd
87745,hd
87843,hd
87996,hd
88047,hd
88092,hd
88216,hd
88261,hd
88350,hd
88449,hd
88546,hd
88644,hd
88788,hd
88868,hd
88920,hd
89026,hd
89080,hd
89151,hd
89240,hd
89348,hd
89428,hd
89561,hd
89687,hd
89801,hd
89856,hd
89954,hd
90066,hd
90119,hd
90208,hd
90262,hd
90342,hd
90431,hd
90538,hd
90663,hd
90725,hd
90805,hd
90878,hd
90994,hd
91054,hd
91116,hd
91232,hd
91330,hd
91447,hd
91535,hd
91624,hd
91688,hd
91731,hd
91795,hd
91937,hd
91982,hd
92097,hd
92177,hd
92569,cl
92587,cl
92658,il
92701,il
92765,il
92783,il
92836,il
92872,il
92907,il
92961,cl
92989,il
93021,il
93067,il
93085,cl
93101,il
93156,il
93209,il
93236,il
93281,cl
93325,cl
93370,cl
93441,cl
93487,cl
93539,cl
93575,il
93600,il
93628,il
93646,il
93664,cl
93717,il
93735,il
93771,cl
93815,cl
93851,cl
93888,cl
93931,cl
93995,il
94045,il
94081,il
94107,il
94125,cl
94161,il
94223,cl
94269,il
94312,cl
94330,il
94376,il
94429,il
94456,il
94492,il
94535,il
94562,cl
94580,cl
94606,cl
94651,cl
94688,il
94731,cl
94768,cl
94795,il
95060,is
95088,is
95159,is
95239,is
95293,is
95355,is
95391,is
95471,is
95499,is
95612,is
95667,is
95747,is
95792,is
95872,is
95943,is
96003,is
96058,is
96110,is
96147,is
96192,is
96254,is
96334,is
96370,is
96423,is
96478,is
96593,is
96637,is
96664,is
96717,is
96815,is
96888,is
96904,is
96940,is
97009,is
97063,is
97090,is
97189,is
97241,is
97321,is
97394,is
97438,is
97465,is
97517,is
97553,is
97606,is
97679,is
97722,is
97777,is
97811,is
97875,is
97919,is
98051,is
98113,is
98168,is
98202,is
98220,is
98257,is
98300,is
98337,is
98373,is
98435,is
98505,is
98603,is
98649,is
98685,is
98738,is
98774,is
98827,is
98916,is
98998,is
99058,is
99101,is
99165,is
99209,is
99290,is
99370,is
99441,is
99478,is
99539,is
99600,is
99673,is
99780,is
99879,is
99922,is
99968,is
100004,is
100086,is
100148,is
100219,is
100273,is
100282,is
100308,is
100317,is
100326,is
100335,is
100344,is
100353,is
100362,is
100521,gr
100549,gr
100576,if
100610,cl
100638,cl
100683,il
100709,il
100736,il
100754,il
100781,gr
100834,if
100852,il
100870,il
100923,il
100969,if
101001,gr
101056,il
101083,cl
101145,if
101163,gr
101190,gr
101243,il
101298,if
101341,db
101378,gr
101458,cl
101519,gr
101564,db
101617,gr
101662,gr
101724,cl
101742,if
101804,cl
101822,cl
101840,db
101902,if
101957,if
101984,gr
102035,if
102071,gr
102106,gr
102160,if
102213,if
102240,il
102286,db
102348,gr
102419,cl
102446,gr
102473,if
102525,if
102543,if
102570,if
102605,if
102641,il
102703,il
102749,il
102794,gr
102838,cl
102909,gr
102945,cl
103014,cl
103032,cl
103087,gr
103130,if
103194,gr
103238,gr
103283,il
103309,gr
103354,gr
103372,gr
103407,gr
103443,if
103470,gr
103513,if
103568,cl
103639,gr
103693,gr
103764,cl
103862,il
103899,gr
103960,il
103997,gr
104047,gr
104083,cl
104118,gr
104136,gr
104181,cl
104225,gr
104243,if
104270,il
104323,cl
104341,cl
104387,db
104421,if
104485,gr
104519,gr
104546,if
104582,if
104635,cl
104680,gr
104715,gr
104751,cl
104788,gr
104831,gr
104886,cl
104975,gr
105026,il
105106,gr
105142,db
105160,if
105222,cl
105259,cl
105295,gr
105348,gr
105384,cl
105419,if
105455,cl
105534,db
105570,if
105605,cl
105623,gr
105712,cl
105776,gr
105794,il
105829,cl
105874,gr
105909,gr
105936,if
105972,gr
106318,mm
106363,mm
106407,mm
106461,mm
106559,mm
106620,mm
106648,mm
106684,mm
106746,mm
106782,mm
106817,mm
106979,mm
107001,mm
107047,mm
107083,mm
107118,mm
107154,mm
107190,mm
107234,mm
107270,mm
107314,mm
107350,mm
107403,mm
107430,mm
107485,mm
107519,mm
107546,mm
107582,mm
107662,mm
107715,mm
107733,mm
107868,mm
107920,mm
107975,mm
108017,mm
108035,mm
108106,mm
108151,mm
108204,mm
108222,mm
108240,mm
108268,mm
108348,mm
108366,mm
108400,mm
108455,mm
108473,mm
108491,mm
108552,mm
108598,mm
108614,mm
108632,mm
108669,mm
108696,mm
108712,mm
108794,mm
108874,mm
108892,mm
108918,mm
108945,mm
108963,mm
109005,mm
109041,mm
109096,mm
109176,mm
109265,mm
109354,mm
109425,mm
109504,mm
109773,mh
109826,mh
109924,mh
110027,mh
110063,mh
110116,mh
110232,mh
110296,mh
110456,mh
110535,mh
110571,mh
110688,mh
110740,mh
110820,mh
110875,mh
110946,mh
111006,mh
111097,mh
111220,mh
111275,mh
111417,mh
111444,mh
111480,mh
111550,mh
111587,mh
111685,mh
111783,mh
111818,mh
111863,mh
111916,mh
111989,mh
112030,mh
112076,mh
112129,mh
112245,mh
112263,mh
112334,mh
112370,mh
112469,mh
112548,mh
112600,mh
112664,mh
112744,mh
112771,mh
112806,mh
112879,mh
112904,mh
112959,mh
112995,mh
113153,mh
113206,mh
113233,mh
113395,mh
113466,mh
113493,mh
113518,mh
113607,mh
113625,mh
113698,mh
113732,mh
113849,mh
113894,mh
113929,mh
113974,mh
114060,mh
114079,mh
114319,ms
114355,ms
114382,ms
114417,ms
114453,ms
114514,ms
114603,ms
114710,ms
114809,ms
114854,ms
114925,ms
114970,ms
115076,ms
115147,ms
115183,ms
115236,ms
115307,ms
115389,ms
115520,ms
115575,ms
115600,ms
115637,ms
115708,ms
115771,ms
115824,ms
115851,ms
115897,ms
115959,ms
116046,ms
116126,ms
116171,ms
116224,ms
116288,ms
116340,ms
116395,ms
116439,ms
116493,ms
116545,ms
116590,ms
116652,ms
116723,ms
116796,ms
116867,ms
116938,ms
116983,ms
117042,ms
117113,ms
117177,ms
117275,ms
117319,ms
117426,ms
117505,ms
117550,ms
117667,ms
117783,ms
117827,ms
117925,ms
117998,ms
118058,ms
118094,ms
118209,ms
118281,ms
118370,ms
118469,ms
118511,ms
118575,ms
118637,ms
118691,ms
118753,ms
118799,ms
118824,ms
118931,ms
118995,ms
119153,ms
119206,ms
119242,ms
119331,ms
119386,ms
119466,ms
119527,ms
119590,ms
119625,ms
119661,ms
119723,ms
119750,ms
119803,ms
119858,ms
119894,ms
119974,ms
120076,ms
120138,ms
120174,ms
120218,ms
120254,ms
120316,ms
120343,ms
120370,ms
120478,ms
120487,ms
120496,ms
120502,ms
120511,ms
120726,nt
120771,nt
120824,nt
120860,nt
120888,nt
120922,nt
120968,nt
121055,nt
121108,nt
121153,nt
121242,nt
121297,nt
121340,nt
121386,nt
121466,nt
121607,nt
121652,nt
121732,nt
121796,nt
121876,nt
121938,nt
122025,nt
122061,nt
122132,nt
122187,nt
122249,nt
122285,nt
122347,nt
122392,nt
122463,nt
122551,nt
122613,nt
122668,nt
122702,nt
122828,nt
122864,nt
122908,nt
122953,nt
123013,nt
123102,nt
123175,nt
123228,nt
123255,nt
123371,nt
123424,nt
123479,nt
123521,nt
123601,nt
123674,nt
123709,nt
123790,nt
123914,nt
123969,nt
124028,nt
124073,nt
124117,nt
124153,nt
124206,nt
124233,nt
124331,nt
124411,nt
124493,nt
124563,nt
124616,nt
124634,nt
124661,nt
124723,nt
124750,nt
124803,nt
124849,nt
124885,nt
124938,nt
125016,nt
125061,nt
125098,nt
125105,nt
125114,nt
125123,nt
125132,nt
125141,nt
125150,nt
125169,nt
125178,nt
125347,ot
125374,ot
125418,ot
125472,ot
125490,ot
125542,ot
125588,ot
125622,ot
125659,ot
125677,ot
125757,ot
125846,ot
125873,ot
125962,ot
125999,ot
126022,ot
126077,ot
126102,ot
126148,ot
126166,ot
126228,ot
126326,ot
126380,ot
126406,ot
126433,ot
126503,ot
126585,ot
126647,ot
126674,ot
126718,ot
126772,ot
126825,ot
126905,ot
126978,ot
127019,ot
127064,ot
127126,ot
127144,ot
127171,ot
127224,ot
127251,ot
127288,ot
127322,ot
127368,ot
127386,ot
127411,ot
127493,ot
127536,ot
127563,ot
127625,ot
127689,ot
127714,ot
127750,ot
127812,ot
127858,ot
127901,ot
127938,ot
127983,ot
128052,ot
128105,ot
128178,ot
128221,ot
128301,ot
128374,ot
128436,ot
128472,ot
128524,ot
128560,ot
128588,ot
128613,ot
128659,ot
128711,ot
128864,ot
128882,ot
128962,ot
129040,ot
129095,ot
129111,ot
129139,ot
129184,ot
129246,ot
129282,ot
129317,ot
129380,ot
129460,ot
129503,ot
129567,ot
129585,ot
129629,ot
129656,ot
129718,ot
129745,ot
129763,ot
129816,ot
129898,ot
129914,ot
129987,ot
130026,ot
130062,ot
130124,ot
130231,ot
130286,ot
130295,ot
130302,ot
130311,ot
130320,ot
130339,ot
130348,ot
130357,ot
130366,ot
130375,ot
130384,ot
130534,ph
130552,ph
130614,ph
130678,ph
130712,ph
130785,ph
130847,ph
130892,ph
130954,ph
130981,ph
131069,ph
131103,ph
131210,ph
131256,ph
131274,ph
131336,ph
131407,ph
131443,ph
131461,ph
131540,ph
131577,ph
131620,ph
131817,ph
131835,ph
131899,ph
131933,ph
131988,ph
132011,ph
132075,ph
132137,ph
132164,ph
132226,ph
132271,ph
132315,ph
132342,ph
132379,ph
132404,ph
132459,ph
132486,ph
132510,ph
132574,ph
132645,ph
132681,ph
132716,ph
132752,ph
132805,ph
132841,ph
132896,ph
133018,ph
133090,ph
133161,ph
133214,ph
133278,ph
133330,ph
133394,ph
133429,ph
133508,ph
133562,ph
133615,ph
133688,ph
133722,ph
133795,ph
133866,ph
133919,ph
133964,ph
134014,ph
134050,ph
134096,ph
134194,ph
134336,ph
134390,ph
134443,ph
134559,ph
134648,ph
134755,ph
134853,ph
134899,ph
134942,ph
135020,ph
135128,ph
135146,ph
135164,ph
135226,ph
135244,ph
135315,ph
135404,ph
135431,ph
135501,ph
135547,ph
135618,ph
135654,ph
135681,ph
135725,ph
135789,ph
135850,ph
135896,ph
135949,ph
136107,ph
136134,ph
136198,ph
136241,ph
136250,ph
136269,ph
136278,ph
136483,sm
136526,sm
136553,sm
136599,sm
136642,sm
136713,sm
136768,sm
136802,sm
136848,sm
136919,sm
136964,sm
137032,sm
137069,sm
137103,sm
137130,sm
137185,sm
137229,sm
137274,sm
137292,sm
137363,sm
137407,sm
137443,sm
137504,sm
137540,sm
137611,sm
137675,sm
137728,sm
137746,sm
137764,sm
137844,sm
137899,sm
137960,sm
138039,sm
138084,sm
138164,sm
138208,sm
138280,sm
138351,sm
138431,sm
138501,sm
138538,sm
138574,sm
138618,sm
138663,sm
138734,sm
138770,sm
138805,sm
138869,sm
138921,sm
139009,sm
139054,sm
139107,sm
139143,sm
139170,sm
139214,sm
139250,sm
139287,sm
139330,sm
139358,sm
139394,sm
139704,sj
139740,sj
139811,sj
139884,sj
139937,sj
139982,sj
140084,sj
140146,sj
140208,sj
140244,sj
140280,sj
140324,sj
140379,sj
140440,sj
140477,sj
140501,sj
140547,sj
140583,sj
140627,sj
140672,sj
140770,sj
140823,sj
140869,sj
140958,sj
141027,sj
141081,sj
141134,sj
141232,sj
141312,sj
141376,sj
141447,sj
141535,sj
141580,sj
141722,sj
141786,sj
141884,sj
141946,sj
142006,sj
142079,sj
142122,sj
142177,sj
142239,sj
142284,sj
142337,sj
142373,sj
142426,sj
142499,sj
142550,sj
142612,sj
142676,sj
142710,sj
142774,sj
142854,sj
142881,sj
142952,sj
143021,sj
143067,sj
143147,sj
143450,sb
143487,sb
143502,sb
143520,sb
143557,sb
143619,sb
143646,sb
143682,sb
143735,sb
143771,sb
143806,sb
143851,sb
143888,sb
143922,sb
143959,sb
143995,sb
144054,sb
144116,sb
144152,sb
144198,sb
144232,sb
144303,sb
144349,sb
144376,sb
144410,sb
144456,sb
144508,sb
144535,sb
144553,sb
144599,sb
144615,sb
144651,sb
144713,sb
144731,sb
144795,sb
144866,sb
144893,sb
144928,sb
144964,sb
144991,sb
145042,sb
145104,sb
145140,sb
145202,sb
145220,sb
145275,sb
145293,sb
145355,sb
145382,sb
145408,sb
145471,sb
145499,sb
145603,sb
145667,sb
145738,sb
145765,sb
145792,sb
145827,sb
145907,sb
145934,sb
145961,sb
145998,sb
146012,sb
146021,sb
146263,sv
146281,sv
146325,sv
146370,sv
146432,sv
146502,sv
146539,sv
146584,sv
146628,sv
146655,sv
146708,sv
146744,sv
146799,sv
146860,sv
146904,sv
146931,sv
146995,sv
147036,sv
147054,sv
147072,sv
147134,sv
147161,sv
147205,sv
147241,sv
147358,sv
147465,sv
147526,sv
147580,sv
147633,sv
147660,sv
147713,sv
147786,sv
147884,sv
147937,sv
148006,sv
148097,sv
148131,sv
148202,sv
148293,sv
148328,sv
148382,sv
148426,sv
148453,sv
148514,sv
148612,sv
148667,sv
148694,sv
148729,sv
148765,sv
148872,sv
148916,sv
148970,sv
149049,sv
149101,sv
149138,sv
149183,sv
149227,sv
149290,sv
149316,sv
149370,sv
149414,sv
149502,sv
149539,sv
149584,sv
149655,sv
149682,sv
149753,sv
149780,sv
149833,sv
149851,sv
149931,sv
149968,sv
150043,sv
150070,sv
150114,sv
150178,sv
150196,sv
150221,sv
150258,sv
150294,sv
150310,sv
150356,sv
150418,sv
150445,sv
150524,sv
150588,sv
150702,sv
150766,sv
150891,sv
150935,sv
150980,sv
151022,sv
151077,sv
151095,sv
151120,sv
151157,sv
151246,sv
151344,sv
151433,sv
151442,sv
151451,sv
151460,sv
151479,sv
151488,sv
151497,sv
151503,sv
151512,sv
151521,sv
151530,sv
151549,sv
151558,sv
151567,sv
151576,sv
151585,sv
151683,tr
151709,tr
151736,tr
151763,tr
151790,tr
151816,tr
151834,tr
151870,tr
151905,tr
151932,tr
151978,tr
151996,tr
152038,tr
152083,tr
152127,tr
152172,tr
152234,tr
152252,tr
152270,tr
152314,tr
152332,tr
152350,tr
152412,tr
152467,tr
152500,tr
152528,tr
152564,tr
152582,tr
152617,tr
152662,tr
152724,tr
152760,tr
152797,tr
152868,tr
152902,tr
152948,tr
152993,tr
153026,tr
153062,tr
153106,tr
153124,tr
153151,tr
153204,tr
153240,tr
153277,tr
153295,tr
153339,tr
153384,tr
153400,tr
153437,tr
153473,tr
153507,tr
153543,tr
153561,tr
153589,tr
153605,tr
153623,tr
153696,tr
153776,tr
153829,tr
153865,tr
153909,tr
153936,tr
153972,tr
154013,tr
154068,tr
154139,tr
154166,tr
154184,tr
154228,tr
154282,tr
154308,tr
154344,tr
154380,tr
154415,tr
154460,tr
154497,tr
154521,tr
154585,tr
154665,tr
154709,gr
154736,tr
154754,tr
154790,tr
154834,tr
154852,tr
154914,tr
154932,tr
154978,tr
154996,tr
155083,tr
155092,tr
155109,tr
155118,tr
155127,tr
155136,tr
155145,tr
155154,tr
155243,tm
155261,tm
155289,tm
155314,tm
155350,tm
155403,tm
155458,tm
155494,tm
155528,tm
155546,tm
155591,tm
155662,tm
155724,tm
155760,tm
155797,tm
155840,tm
155911,tm
155957,tm
156035,tm
156106,tm
156151,tm
156213,tm
156259,tm
156277,tm
156311,tm
156357,tm
156437,tm
156473,tm
156534,tm
156589,tm
156623,tm
156669,tm
156712,tm
156767,tm
156801,tm
156927,tm
157004,tm
157031,tm
157086,tm
157193,tm
157246,tm
157273,tm
157317,tm
157362,tm
157424,tm
157451,tm
157497,tm
157530,tm
157585,tm
157683,tm
157736,tm
157781,tm
157834,tm
157898,tm
157923,tm
157969,tm
158010,tm
158065,tm
158109,tm
158136,tm
158181,tm
158243,tm
158314,tm
158396,tm
158449,tm
158528,tm
158564,tm
158608,tm
158653,tm
158699,tm
158733,tm
158779,tm
158804,tm
158859,tm
158895,tm
158966,tm
159035,tm
159071,tm
159142,tm
159213,tm
159259,tm
159339,tm
159366,tm
159375,tm
159384,tm
159393,tm
159400,tm
159419,tm
159428,tm
159437,tm
159446,tm
159455,tm
159464,tm
159473,tm
159482,tm
159491,tm
159507,tm
159516,tm
159525,tm
159614,tl
159650,tl
159687,tl
159730,tl
159767,tl
159785,tl
159847,tl
159883,tl
159945,tl
159963,tl
160047,tl
160092,tl
160127,tl
160172,tl
160225,tl
160261,tl
160305,tl
160323,tl
160387,tl
160430,tl
160458,tl
160476,tl
160528,tl
160564,tl
160617,tl
160644,tl
160680,tl
160724,tl
160779,tl
160831,tl
160877,tl
160911,tl
160993,tl
161035,tl
161053,tl
161106,tl
161133,tl
161151,tl
161179,tl
161231,tl
161259,tl
161286,tl
161302,tl
161348,tl
161384,tl
161464,tl
161482,tl
161525,tl
161543,tl
161552,tl
161561,tl
161794,vs
161829,vs
161856,vs
161945,vs
162014,vs
162069,vs
162149,vs
162194,vs
162327,vs
162381,vs
162452,vs
162498,vs
162559,vs
162595,vs
162693,vs
162791,vs
162871,vs
162924,vs
163002,vs
163057,vs
163137,vs
163208,vs
163253,vs
163324,vs
163379,vs
163486,vs
163618,vs
163681,vs
163734,vs
163789,vs
163832,vs
163903,vs
163967,vs
164062,vs
164133,vs
164197,vs
164277,vs
164339,vs
164393,vs
164543,vs
164598,vs
164687,vs
164749,vs
164829,vs
164892,vs
164936,vs
164981,vs
165069,vs
165130,vs
165185,vs
165274,vs
165336,vs
165416,vs
165470,vs
165611,vs
165719,vs
165817,vs
165899,vs
165979,vs
166057,vs
166137,vs
166182,vs
166235,vs
166315,vs
166413,vs
166529,vs
166636,vs
166672,vs
166707,vs
166770,vs
166869,vs
166985,vs
167035,vs
167071,vs
167179,vs
167222,vs
167231,vs
167240,vs
167259,vs
167268,vs
167277,vs
167286,vs
167295,vs
167302,vs
167311,vs
167320,vs
167473,vl
167641,vl
167696,vl
167794,vl
167909,vl
167981,vl
168041,vl
168130,vl
168229,vl
168309,vl
168372,vl
168452,vl
168559,vl
168602,vl
168675,vl
168755,vl
168791,vl
168880,vl
168960,vl
169039,vl
169119,vl
169182,vl
169253,vl
169306,vl
169351,vl
169404,vl
169547,vl
169583,vl
169681,vl
169896,vl
169994,vl
170097,vl
170168,vl
170220,vl
170346,vl
170444,vl
170514,vl
170612,vl
170685,vl
170792,vl
170872,vl
170952,vl
171021,vl
171067,vl
171101,vl
171209,vl
171272,vl
171325,vl
171469,vl
171539,vl
171628,vl
171806,vl
171879,vl
171931,vl
171995,vl
172082,vl
172153,vl
172279,vl
172340,vl
172377,vl
172457,vl
172509,vl
172581,vl
172698,vl
172812,vl
172894,vl
172947,vl
172992,vl
173061,vl
173132,vl
173230,vl
173374,vl
173533,vl
173597,vl
173686,vl
173748,vl
173793,vl
173855,vl
173935,vl
174021,vl
174085,vl
174156,vl
174218,vl
174254,vl
174290,vl
174496,vl
174502,vl
174511,vl
174520,vl
174744,vn
174780,vn
174824,vn
174860,vn
174922,vn
175019,vn
175055,vn
175126,vn
175206,vn
175224,vn
175260,vn
175368,vn
175439,vn
175466,vn
175509,vn
175590,vn
175670,vn
175732,vn
175787,vn
175885,vn
175938,vn
175983,vn
176150,vn
176212,vn
176301,vn
176338,vn
176445,vn
176506,vn
176551,vn
176613,vn
176686,vn
176748,vn
176793,vn
176855,vn
176891,vn
176944,vn
177003,vn
177101,vn
177236,vn
177263,vn
177352,vn
177405,vn
177469,vn
177557,vn
177600,vn
177655,vn
177726,vn
177762,vn
177799,vn
177842,vn
177879,vn
177986,vn
178046,vn
178117,vn
178180,vn
178279,vn
178313,vn
178377,vn
178475,vn
178545,vn
178607,vn
178689,vn
178750,vn
178821,vn
178885,vn
178894,vn
178901,vn
178910,vn
178929,vn
178938,vn
178947,vn
178956,vn
178965,vn
179132,b
179221,if
179249,if
179285,if
179310,if
179347,if
179383,if
179409,if
179463,if
179481,if
179515,if
179533,if
179551,if
179588,if
179604,mm
179613,mm
179622,mm
179631,sj
179640,db
179659,bn
179677,sm
179686,bn
179695,sj
179702,il
179711,db
179720,bn
179739,gr
179748,gr
179757,gr
179766,gr
179775,gr
179784,il
179793,il
179800,il
179819,il
179828,il
179837,mm
179846,mm
179855,mm
179864,mm
179873,sm
179882,sm
179891,db
179908,db
179917,db
179926,db
179935,db
179944,bn
179953,bn
179962,cl
179971,il
179980,il
179999,il
180000,il
180019,il
180028,sm
180037,sj
180046,il
180055,cl
180064,il
180091,sm
